noise_rate,mean_f1_macro,std_f1_macro
0.0,0.8739780477889697,0.0
0.05,0.8586060331655183,0.0071817089101602494
0.1,0.8521434437042719,0.009719094462306184
0.15,0.8431554905815651,0.005835741622165624
0.2,0.8197832515114626,0.01021527585503256
0.25,0.8005145629855953,0.010072955311058963
