fraction,n_samples,mean_f1_macro,std_f1_macro
0.1,350,0.8238605875583221,0.012313357441738698
0.25,875,0.8552028751244486,0.0012821292796566823
0.5,1750,0.8597720558865921,0.003231971335774391
0.75,2625,0.863694889928202,0.007108825559344201
1.0,3500,0.8739780477889697,0.0
