model,accuracy,precision,recall,f1,f1_macro,roc_auc
Naive Baseline,0.564,0.0,0.0,0.0,0.36061381074168797,0.5
XGBoost,0.932,0.9156626506024096,0.9296636085626911,0.9226100151745068,0.9309839612138884,0.9789981275439015
DistilBERT,0.6213333333333333,0.5520581113801453,0.6972477064220184,0.6162162162162163,0.6212660028449501,0.6770157821299732
